{"cameraMode":{"drawMode":0,"name":"Shaded","section":"Shading Mode"},"sceneLighting":false,"audioPlay":false,"sceneViewState":{"m_AlwaysRefresh":false,"showFog":true,"showSkybox":false,"showFlares":true,"showImageEffects":true,"showParticleSystems":true,"showVisualEffectGraphs":true,"m_FxEnabled":true},"in2DMode":false,"pivot":{"x":0.005037851631641388,"y":2.428173780441284,"z":2.3449747562408449},"rotation":{"x":0.18625666201114655,"y":-0.7674039006233215,"z":0.25616925954818728,"w":0.5577778816223145},"size":0.5416563153266907,"orthographic":false}